ancestry,cancer_type,gene,cancer_carriers,cancer_n,control_carriers,control_n,cancer_freq_pct,control_freq_pct,enrichment,p_value,q_value,significant
White,Breast,ATM,46,7765,45,15942,0.592401802962009,0.2822732404968009,2.1,0.00046479496712615947,0.008845629218119723,True
White,Breast,BARD1,14,7765,3,15942,0.18029620090148102,0.01881821603312006,9.58,3.708849536379041e-05,0.0009820388555021025,True
White,Breast,BRCA1,113,7765,29,15942,1.4552479072762394,0.1819094216534939,8.0,1.7224386988797375e-30,3.496550558725867e-28,True
White,Breast,BRCA2,164,7765,31,15942,2.112041210560206,0.1944548990089073,10.86,5.8272017363695155e-50,3.548765857449035e-47,True
White,Breast,CHEK2,19,7765,12,15942,0.2446877012234385,0.07527286413248024,3.25,0.001595813132800667,0.02260116739245596,True
White,Breast,MUTYH,115,7765,166,15942,1.4810045074050224,1.04127462049931,1.42,0.003956344179017841,0.04227041412319062,True
White,Breast,NF1,11,7765,4,15942,0.1416613007083065,0.02509095471082675,5.65,0.0015306956313399709,0.02219508665442958,True
White,Breast,PALB2,36,7765,13,15942,0.463618802318094,0.08154560281018693,5.69,9.703589071534371e-09,6.566095271738258e-07,True
White,Breast,PTEN,5,7765,0,15942,0.0643915003219575,0.0,inf,0.0037665878432459705,0.04096164279529993,True
White,Breast,RET,10,7765,7,15942,0.128783000643915,0.043909170743946804,2.93,0.03494061065763133,0.20074369708016487,False
White,Breast,TP53,13,7765,5,15942,0.1674179008370895,0.03136369338853343,5.34,0.0007021420915159086,0.01221727239237681,True
White,Breast,APC,3,7765,4,15942,0.0386349001931745,0.02509095471082675,1.54,0.6901607734973114,1.0,False
White,Breast,MLH1,5,7765,4,15942,0.0643915003219575,0.02509095471082675,2.57,0.16415568786991702,0.5733954672555063,False
White,Breast,MSH2,1,7765,1,15942,0.012878300064391501,0.006272738677706688,2.05,0.5478073626798574,1.0,False
White,Breast,MSH6,10,7765,22,15942,0.128783000643915,0.1380002509095471,0.93,1.0,1.0,False
White,Breast,PMS2,7,7765,16,15942,0.09014810045074051,0.100363818843307,0.9,1.0,1.0,False
White,Breast,FH,3,7765,1,15942,0.0386349001931745,0.006272738677706688,6.16,0.10601036262739791,0.436218316487063,False
White,Breast,FLCN,2,7765,1,15942,0.025756600128783003,0.006272738677706688,4.11,0.2515596656715547,0.7473081831943615,False
White,Breast,CDKN2A,2,7765,2,15942,0.025756600128783003,0.012545477355413375,2.05,0.6015703433756037,1.0,False
White,Breast,MITF,25,7765,53,15942,0.3219575016097875,0.3324551499184544,0.97,1.0,1.0,False
White,Breast,RAD51C,5,7765,6,15942,0.0643915003219575,0.03763643206624012,1.71,0.3553790526828897,0.9260488744258265,False
White,Breast,RAD51D,6,7765,5,15942,0.077269800386349,0.03136369338853343,2.46,0.19431332813367191,0.6396584693697632,False
White,Breast,CDH1,3,7765,2,15942,0.0386349001931745,0.012545477355413375,3.08,0.3388291563831647,0.8932768668283433,False
White,Colorectal,ATM,8,2338,45,15942,0.3421727972626176,0.2822732404968009,1.21,0.5407233191564096,1.0,False
White,Colorectal,BARD1,2,2338,3,15942,0.0855431993156544,0.01881821603312006,4.55,0.12559256213051648,0.48104320966971403,False
White,Colorectal,BRCA1,7,2338,29,15942,0.29940119760479045,0.1819094216534939,1.65,0.21452873476512563,0.6804583305831329,False
White,Colorectal,BRCA2,8,2338,31,15942,0.3421727972626176,0.1944548990089073,1.76,0.14941468886012144,0.5384233462474198,False
White,Colorectal,CHEK2,2,2338,12,15942,0.0855431993156544,0.07527286413248024,1.14,0.6977269814293674,1.0,False
White,Colorectal,MUTYH,36,2338,166,15942,1.5397775876817792,1.04127462049931,1.48,0.0431721854443535,0.23686361203253406,False
White,Colorectal,NF1,1,2338,4,15942,0.0427715996578272,0.02509095471082675,1.7,0.4955731234702539,1.0,False
White,Colorectal,PALB2,3,2338,13,15942,0.1283147989734816,0.08154560281018693,1.57,0.448196771302394,1.0,False
White,Colorectal,PTEN,1,2338,0,15942,0.0427715996578272,0.0,inf,0.12789934354485777,0.48379316906098374,False
White,Colorectal,RET,1,2338,7,15942,0.0427715996578272,0.043909170743946804,0.97,1.0,1.0,False
White,Colorectal,TP53,1,2338,5,15942,0.0427715996578272,0.03136369338853343,1.36,0.5601066412446203,1.0,False
White,Colorectal,APC,5,2338,4,15942,0.21385799828913601,0.02509095471082675,8.52,0.002746323571831444,0.03352297650834399,True
White,Colorectal,MLH1,17,2338,4,15942,0.7271171941830624,0.02509095471082675,28.98,2.2374096711975162e-12,2.270970816265479e-10,True
White,Colorectal,MSH2,14,2338,1,15942,0.5988023952095809,0.006272738677706688,95.46,4.004732961745118e-12,3.4841176767182527e-10,True
White,Colorectal,MSH6,14,2338,22,15942,0.5988023952095809,0.1380002509095471,4.34,7.265385990776446e-05,0.0016387481734751316,True
White,Colorectal,PMS2,10,2338,16,15942,0.42771599657827203,0.100363818843307,4.26,0.0008687875192263494,0.013923463137074916,True
White,Colorectal,FH,0,2338,1,15942,0.0,0.006272738677706688,0.0,1.0,1.0,False
White,Colorectal,FLCN,1,2338,1,15942,0.0427715996578272,0.006272738677706688,6.82,0.23944654715512761,0.7254872995894165,False
White,Colorectal,CDKN2A,0,2338,2,15942,0.0,0.012545477355413375,0.0,1.0,1.0,False
White,Colorectal,MITF,15,2338,53,15942,0.6415739948674081,0.3324551499184544,1.93,0.028438850638644934,0.17672714325443636,False
White,Colorectal,RAD51C,0,2338,6,15942,0.0,0.03763643206624012,0.0,1.0,1.0,False
White,Colorectal,RAD51D,1,2338,5,15942,0.0427715996578272,0.03136369338853343,1.36,0.5601066412446203,1.0,False
White,Colorectal,CDH1,0,2338,2,15942,0.0,0.012545477355413375,0.0,1.0,1.0,False
White,Kidney,ATM,8,1562,45,15942,0.5121638924455826,0.2822732404968009,1.81,0.1398945722364917,0.5125194533651822,False
White,Kidney,BARD1,1,1562,3,15942,0.06402048655569782,0.01881821603312006,3.4,0.3119699406996669,0.844398639493765,False
White,Kidney,BRCA1,5,1562,29,15942,0.3201024327784891,0.1819094216534939,1.76,0.22387098363579494,0.700608857345757,False
White,Kidney,BRCA2,8,1562,31,15942,0.5121638924455826,0.1944548990089073,2.63,0.01992644489268495,0.1404235181753513,False
White,Kidney,CHEK2,4,1562,12,15942,0.2560819462227913,0.07527286413248024,3.4,0.048190671051218645,0.25743963745782594,False
White,Kidney,MUTYH,24,1562,166,15942,1.5364916773367476,1.04127462049931,1.48,0.07362677200638634,0.34302074812020283,False
White,Kidney,NF1,1,1562,4,15942,0.06402048655569782,0.02509095471082675,2.55,0.37338153799264523,0.9451627904847086,False
White,Kidney,PALB2,0,1562,13,15942,0.0,0.08154560281018693,0.0,0.6220012227308933,1.0,False
White,Kidney,PTEN,1,1562,0,15942,0.06402048655569782,0.0,inf,0.08923674588665448,0.3825346829138665,False
White,Kidney,RET,3,1562,7,15942,0.19206145966709345,0.043909170743946804,4.37,0.05284530518489578,0.2704436206521137,False
White,Kidney,TP53,1,1562,5,15942,0.06402048655569782,0.03136369338853343,2.04,0.4293149077655171,1.0,False
White,Kidney,APC,1,1562,4,15942,0.06402048655569782,0.02509095471082675,2.55,0.37338153799264523,0.9451627904847086,False
White,Kidney,MLH1,1,1562,4,15942,0.06402048655569782,0.02509095471082675,2.55,0.37338153799264523,0.9451627904847086,False
White,Kidney,MSH2,3,1562,1,15942,0.19206145966709345,0.006272738677706688,30.62,0.002647895879752328,0.03352297650834399,True
White,Kidney,MSH6,4,1562,22,15942,0.2560819462227913,0.1380002509095471,1.86,0.2856650704219216,0.7841950853302792,False
White,Kidney,PMS2,2,1562,16,15942,0.12804097311139565,0.100363818843307,1.28,0.6720550914877009,1.0,False
White,Kidney,FH,4,1562,1,15942,0.2560819462227913,0.006272738677706688,40.82,0.000293451157996414,0.006162474317924694,True
White,Kidney,FLCN,3,1562,1,15942,0.19206145966709345,0.006272738677706688,30.62,0.002647895879752328,0.03352297650834399,True
White,Kidney,VHL,4,1562,0,15942,0.2560819462227913,0.0,inf,6.319086559208105e-05,0.0014801245055991292,True
White,Kidney,CDKN2A,1,1562,2,15942,0.06402048655569782,0.012545477355413375,5.1,0.24454394455015183,0.7372636744111013,False
White,Kidney,MITF,8,1562,53,15942,0.5121638924455826,0.3324551499184544,1.54,0.2557615393220083,0.7473081831943615,False
White,Kidney,RAD51C,0,1562,6,15942,0.0,0.03763643206624012,0.0,1.0,1.0,False
White,Kidney,RAD51D,0,1562,5,15942,0.0,0.03136369338853343,0.0,1.0,1.0,False
White,Kidney,CDH1,0,1562,2,15942,0.0,0.012545477355413375,0.0,1.0,1.0,False
White,Lung,ATM,11,1606,45,15942,0.684931506849315,0.2822732404968009,2.43,0.016139369418602577,0.1262387078440101,False
White,Lung,BARD1,1,1606,3,15942,0.062266500622665005,0.01881821603312006,3.31,0.3188453043046693,0.8591893377059451,False
White,Lung,BRCA1,4,1606,29,15942,0.24906600249066002,0.1819094216534939,1.37,0.5391601679109455,1.0,False
White,Lung,BRCA2,10,1606,31,15942,0.62266500622665,0.1944548990089073,3.2,0.0032045004253501495,0.0382655050791812,True
White,Lung,CHEK2,4,1606,12,15942,0.24906600249066002,0.07527286413248024,3.31,0.05212697589246457,0.2704436206521137,False
White,Lung,MUTYH,25,1606,166,15942,1.5566625155666252,1.04127462049931,1.49,0.07549977862454303,0.34302074812020283,False
White,Lung,NF1,2,1606,4,15942,0.12453300124533001,0.02509095471082675,4.96,0.09795381531215881,0.40858817482948434,False
White,Lung,PALB2,2,1606,13,15942,0.12453300124533001,0.08154560281018693,1.53,0.6417870354335098,1.0,False
White,Lung,RET,0,1606,7,15942,0.0,0.043909170743946804,0.0,1.0,1.0,False
White,Lung,TP53,1,1606,5,15942,0.062266500622665005,0.03136369338853343,1.99,0.4378481192910442,1.0,False
White,Lung,APC,0,1606,4,15942,0.0,0.02509095471082675,0.0,1.0,1.0,False
White,Lung,MLH1,1,1606,4,15942,0.062266500622665005,0.02509095471082675,2.48,0.38119906862789654,0.9553507522402839,False
White,Lung,MSH2,1,1606,1,15942,0.062266500622665005,0.006272738677706688,9.93,0.17466955692113698,0.6009816958473019,False
White,Lung,MSH6,0,1606,22,15942,0.0,0.1380002509095471,0.0,0.2571209767339277,0.7473081831943615,False
White,Lung,PMS2,2,1606,16,15942,0.12453300124533001,0.100363818843307,1.24,0.6777224154924205,1.0,False
White,Lung,FH,0,1606,1,15942,0.0,0.006272738677706688,0.0,1.0,1.0,False
White,Lung,FLCN,0,1606,1,15942,0.0,0.006272738677706688,0.0,1.0,1.0,False
White,Lung,CDKN2A,2,1606,2,15942,0.12453300124533001,0.012545477355413375,9.93,0.04431504737846287,0.24096307012039184,False
White,Lung,MITF,6,1606,53,15942,0.37359900373599003,0.3324551499184544,1.12,0.8193690289074099,1.0,False
White,Lung,RAD51C,1,1606,6,15942,0.062266500622665005,0.03763643206624012,1.65,0.48931408214696637,1.0,False
White,Lung,RAD51D,0,1606,5,15942,0.0,0.03136369338853343,0.0,1.0,1.0,False
White,Lung,CDH1,0,1606,2,15942,0.0,0.012545477355413375,0.0,1.0,1.0,False
White,Melanoma,ATM,13,2254,45,15942,0.5767524401064774,0.2822732404968009,2.04,0.027319560820030005,0.1728783979529661,False
White,Melanoma,BARD1,1,2254,3,15942,0.044365572315882874,0.01881821603312006,2.36,0.41082100362550883,1.0,False
White,Melanoma,BRCA1,7,2254,29,15942,0.3105590062111801,0.1819094216534939,1.71,0.2021812055540334,0.6549380541617359,False
White,Melanoma,BRCA2,10,2254,31,15942,0.44365572315882873,0.1944548990089073,2.28,0.02955431249988425,0.1799857631242951,False
White,Melanoma,CHEK2,3,2254,12,15942,0.13309671694764863,0.07527286413248024,1.77,0.4193648932997608,1.0,False
White,Melanoma,MUTYH,39,2254,166,15942,1.730257320319432,1.04127462049931,1.66,0.005465316211679076,0.05641317920190774,False
White,Melanoma,NF1,2,2254,4,15942,0.08873114463176575,0.02509095471082675,3.54,0.16402836529620196,0.5733954672555063,False
White,Melanoma,PALB2,3,2254,13,15942,0.13309671694764863,0.08154560281018693,1.63,0.4381054138345626,1.0,False
White,Melanoma,PTEN,1,2254,0,15942,0.044365572315882874,0.0,inf,0.12387337876456364,0.47914833678831104,False
White,Melanoma,RET,1,2254,7,15942,0.044365572315882874,0.043909170743946804,1.01,1.0,1.0,False
White,Melanoma,TP53,4,2254,5,15942,0.1774622892635315,0.03136369338853343,5.66,0.017669957813889112,0.13451255385823085,False
White,Melanoma,APC,1,2254,4,15942,0.044365572315882874,0.02509095471082675,1.77,0.48382064400744057,1.0,False
White,Melanoma,MLH1,0,2254,4,15942,0.0,0.02509095471082675,0.0,1.0,1.0,False
White,Melanoma,MSH2,0,2254,1,15942,0.0,0.006272738677706688,0.0,1.0,1.0,False
White,Melanoma,MSH6,0,2254,22,15942,0.0,0.1380002509095471,0.0,0.10082604220654622,0.4177078891414057,False
White,Melanoma,PMS2,0,2254,16,15942,0.0,0.100363818843307,0.0,0.2472727961289653,0.741818388386896,False
White,Melanoma,FH,1,2254,1,15942,0.044365572315882874,0.006272738677706688,7.07,0.2324081083201929,0.7129546517469367,False
White,Melanoma,FLCN,0,2254,1,15942,0.0,0.006272738677706688,0.0,1.0,1.0,False
White,Melanoma,CDKN2A,9,2254,2,15942,0.39929015084294583,0.012545477355413375,31.83,2.9434354351355974e-07,1.280394414283985e-05,True
White,Melanoma,MITF,30,2254,53,15942,1.3309671694764862,0.3324551499184544,4.0,2.3080074819807164e-08,1.1713137971052134e-06,True
White,Melanoma,RAD51C,2,2254,6,15942,0.08873114463176575,0.03763643206624012,2.36,0.2601466910298927,0.7473081831943615,False
White,Melanoma,RAD51D,0,2254,5,15942,0.0,0.03136369338853343,0.0,1.0,1.0,False
White,Melanoma,CDH1,2,2254,2,15942,0.08873114463176575,0.012545477355413375,7.07,0.07754803597933213,0.347255543466274,False
White,Ovarian,ATM,9,986,45,15942,0.9127789046653144,0.2822732404968009,3.23,0.003704178939854632,0.04096164279529993,True
White,Ovarian,BARD1,1,986,3,15942,0.10141987829614604,0.01881821603312006,5.39,0.2134268892949883,0.6804583305831329,False
White,Ovarian,BRCA1,40,986,29,15942,4.056795131845842,0.1819094216534939,22.3,8.906734461336126e-32,2.7121006434768505e-29,True
White,Ovarian,BRCA2,28,986,31,15942,2.839756592292089,0.1944548990089073,14.6,1.796689640354374e-19,2.7354599774395344e-17,True
White,Ovarian,CHEK2,0,986,12,15942,0.0,0.07527286413248024,0.0,1.0,1.0,False
White,Ovarian,MUTYH,10,986,166,15942,1.0141987829614605,1.04127462049931,0.97,1.0,1.0,False
White,Ovarian,NF1,1,986,4,15942,0.10141987829614604,0.02509095471082675,4.04,0.2592529993845145,0.7473081831943615,False
White,Ovarian,PALB2,2,986,13,15942,0.2028397565922921,0.08154560281018693,2.49,0.2163497128132644,0.6826786274781245,False
White,Ovarian,PTEN,2,986,0,15942,0.2028397565922921,0.0,inf,0.0033894364916041675,0.03905997378320977,True
White,Ovarian,RET,0,986,7,15942,0.0,0.043909170743946804,0.0,1.0,1.0,False
White,Ovarian,TP53,3,986,5,15942,0.3042596348884381,0.03136369338853343,9.7,0.008843875527789433,0.08038686860333977,False
White,Ovarian,APC,1,986,4,15942,0.10141987829614604,0.02509095471082675,4.04,0.2592529993845145,0.7473081831943615,False
White,Ovarian,MLH1,1,986,4,15942,0.10141987829614604,0.02509095471082675,4.04,0.2592529993845145,0.7473081831943615,False
White,Ovarian,MSH2,2,986,1,15942,0.2028397565922921,0.006272738677706688,32.34,0.009774216894434562,0.08626808824218331,False
White,Ovarian,MSH6,4,986,22,15942,0.4056795131845842,0.1380002509095471,2.94,0.061584110265391304,0.30245744477115566,False
White,Ovarian,PMS2,3,986,16,15942,0.3042596348884381,0.100363818843307,3.03,0.09524583546621093,0.40003250895808595,False
White,Ovarian,FH,2,986,1,15942,0.2028397565922921,0.006272738677706688,32.34,0.009774216894434562,0.08626808824218331,False
White,Ovarian,FLCN,0,986,1,15942,0.0,0.006272738677706688,0.0,1.0,1.0,False
White,Ovarian,CDKN2A,1,986,2,15942,0.10141987829614604,0.012545477355413375,8.08,0.16476881242974317,0.5733954672555063,False
White,Ovarian,MITF,1,986,53,15942,0.10141987829614604,0.3324551499184544,0.31,0.3742320246197627,0.9451627904847086,False
White,Ovarian,RAD51C,1,986,6,15942,0.10141987829614604,0.03763643206624012,2.69,0.3430584207109986,0.9005283543663715,False
White,Ovarian,RAD51D,4,986,5,15942,0.4056795131845842,0.03136369338853343,12.93,0.001138082928725508,0.01732731258984586,True
White,Ovarian,CDH1,0,986,2,15942,0.0,0.012545477355413375,0.0,1.0,1.0,False
White,Pancreatic,ATM,11,643,45,15942,1.7107309486780715,0.2822732404968009,6.06,8.288453339858463e-06,0.0002804260046652114,True
White,Pancreatic,BARD1,2,643,3,15942,0.3110419906687403,0.01881821603312006,16.53,0.01388158920023533,0.11271850430591088,False
White,Pancreatic,BRCA1,6,643,29,15942,0.9331259720062209,0.1819094216534939,5.13,0.0020606735806968173,0.02728152631835569,True
White,Pancreatic,BRCA2,14,643,31,15942,2.177293934681182,0.1944548990089073,11.2,8.261094642900459e-10,6.288758296907975e-08,True
White,Pancreatic,CHEK2,1,643,12,15942,0.15552099533437014,0.07527286413248024,2.07,0.4020390102266155,0.9952916960488164,False
White,Pancreatic,MUTYH,9,643,166,15942,1.3996889580093312,1.04127462049931,1.34,0.32758842254742637,0.8738843385679168,False
White,Pancreatic,NF1,0,643,4,15942,0.0,0.02509095471082675,0.0,1.0,1.0,False
White,Pancreatic,PALB2,3,643,13,15942,0.46656298600311047,0.08154560281018693,5.72,0.02227869928298947,0.14895468106825843,False
White,Pancreatic,RET,0,643,7,15942,0.0,0.043909170743946804,0.0,1.0,1.0,False
White,Pancreatic,TP53,0,643,5,15942,0.0,0.03136369338853343,0.0,1.0,1.0,False
White,Pancreatic,APC,2,643,4,15942,0.3110419906687403,0.02509095471082675,12.4,0.020291083086093453,0.1404235181753513,False
White,Pancreatic,MLH1,2,643,4,15942,0.3110419906687403,0.02509095471082675,12.4,0.020291083086093453,0.1404235181753513,False
White,Pancreatic,MSH2,1,643,1,15942,0.15552099533437014,0.006272738677706688,24.79,0.07603908209561147,0.34302074812020283,False
White,Pancreatic,MSH6,0,643,22,15942,0.0,0.1380002509095471,0.0,1.0,1.0,False
White,Pancreatic,PMS2,4,643,16,15942,0.6220839813374806,0.100363818843307,6.2,0.006606264780498181,0.06386055954481576,False
White,Pancreatic,FH,0,643,1,15942,0.0,0.006272738677706688,0.0,1.0,1.0,False
White,Pancreatic,FLCN,0,643,1,15942,0.0,0.006272738677706688,0.0,1.0,1.0,False
White,Pancreatic,CDKN2A,3,643,2,15942,0.46656298600311047,0.012545477355413375,37.19,0.0005470752875020758,0.01009602576026558,True
White,Pancreatic,MITF,4,643,53,15942,0.6220839813374806,0.3324551499184544,1.87,0.2837530578948184,0.7841950853302792,False
White,Pancreatic,RAD51C,0,643,6,15942,0.0,0.03763643206624012,0.0,1.0,1.0,False
White,Pancreatic,RAD51D,1,643,5,15942,0.15552099533437014,0.03136369338853343,4.96,0.2112340990726482,0.677060875448646,False
White,Pancreatic,CDH1,0,643,2,15942,0.0,0.012545477355413375,0.0,1.0,1.0,False
White,Prostate,ATM,28,6035,45,15942,0.463960231980116,0.2822732404968009,1.64,0.047740413004118104,0.25729125238502587,False
White,Prostate,BARD1,3,6035,3,15942,0.04971002485501243,0.01881821603312006,2.64,0.35582173500105646,0.9260488744258265,False
White,Prostate,BRCA1,14,6035,29,15942,0.231980115990058,0.1819094216534939,1.28,0.49384210799575395,1.0,False
White,Prostate,BRCA2,35,6035,31,15942,0.579950289975145,0.1944548990089073,2.98,1.1523972472650478e-05,0.0003693736439917969,True
White,Prostate,CHEK2,12,6035,12,15942,0.1988400994200497,0.07527286413248024,2.64,0.020167105184066968,0.1404235181753513,False
White,Prostate,MUTYH,96,6035,166,15942,1.5907207953603977,1.04127462049931,1.53,0.0013036844552136947,0.019364483737198537,True
White,Prostate,NF1,4,6035,4,15942,0.06628003314001657,0.02509095471082675,2.64,0.22721186946680288,0.7059797372718518,False
White,Prostate,PALB2,2,6035,13,15942,0.033140016570008285,0.08154560281018693,0.41,0.38353684280436773,0.957270234704344,False
White,Prostate,RET,2,6035,7,15942,0.033140016570008285,0.043909170743946804,0.75,1.0,1.0,False
White,Prostate,TP53,11,6035,5,15942,0.18227009113504555,0.03136369338853343,5.81,0.0006886503204731621,0.01221727239237681,True
White,Prostate,APC,1,6035,4,15942,0.016570008285004142,0.02509095471082675,0.66,1.0,1.0,False
White,Prostate,MLH1,1,6035,4,15942,0.016570008285004142,0.02509095471082675,0.66,1.0,1.0,False
White,Prostate,MSH2,2,6035,1,15942,0.033140016570008285,0.006272738677706688,5.28,0.18479700465825838,0.6194254042790539,False
White,Prostate,MSH6,2,6035,22,15942,0.033140016570008285,0.1380002509095471,0.24,0.03795202333842727,0.2140072427139093,False
White,Prostate,PMS2,7,6035,16,15942,0.115990057995029,0.100363818843307,1.16,0.8153596148388697,1.0,False
White,Prostate,FH,0,6035,1,15942,0.0,0.006272738677706688,0.0,1.0,1.0,False
White,Prostate,FLCN,4,6035,1,15942,0.06628003314001657,0.006272738677706688,10.57,0.022172842322356483,0.14895468106825843,False
White,Prostate,VHL,2,6035,0,15942,0.033140016570008285,0.0,inf,0.07539898953499372,0.34302074812020283,False
White,Prostate,CDKN2A,5,6035,2,15942,0.08285004142502071,0.012545477355413375,6.6,0.019533172633724557,0.1404235181753513,False
White,Prostate,MITF,41,6035,53,15942,0.6793703396851698,0.3324551499184544,2.04,0.0007248469870399555,0.012261994864092582,True
White,Prostate,RAD51C,5,6035,6,15942,0.08285004142502071,0.03763643206624012,2.2,0.1871498758412905,0.6194254042790539,False
White,Prostate,RAD51D,1,6035,5,15942,0.016570008285004142,0.03136369338853343,0.53,1.0,1.0,False
White,Prostate,CDH1,1,6035,2,15942,0.016570008285004142,0.012545477355413375,1.32,1.0,1.0,False
White,Stomach,ATM,5,252,45,15942,1.984126984126984,0.2822732404968009,7.03,0.0010495432842031569,0.016389022053326218,True
White,Stomach,BARD1,0,252,3,15942,0.0,0.01881821603312006,0.0,1.0,1.0,False
White,Stomach,BRCA1,1,252,29,15942,0.3968253968253968,0.1819094216534939,2.18,0.37558192988062317,0.9451627904847086,False
White,Stomach,BRCA2,5,252,31,15942,1.984126984126984,0.1944548990089073,10.2,0.0002228784524652646,0.004847606341119505,True
White,Stomach,CHEK2,0,252,12,15942,0.0,0.07527286413248024,0.0,1.0,1.0,False
White,Stomach,MUTYH,3,252,166,15942,1.1904761904761905,1.04127462049931,1.14,0.7487223736518144,1.0,False
White,Stomach,NF1,1,252,4,15942,0.3968253968253968,0.02509095471082675,15.82,0.07543146535440186,0.34302074812020283,False
White,Stomach,PALB2,1,252,13,15942,0.3968253968253968,0.08154560281018693,4.87,0.19720847458708984,0.6456987151803103,False
White,Stomach,RET,0,252,7,15942,0.0,0.043909170743946804,0.0,1.0,1.0,False
White,Stomach,TP53,1,252,5,15942,0.3968253968253968,0.03136369338853343,12.65,0.0898234148714005,0.3825346829138665,False
White,Stomach,APC,1,252,4,15942,0.3968253968253968,0.02509095471082675,15.82,0.07543146535440186,0.34302074812020283,False
White,Stomach,MLH1,0,252,4,15942,0.0,0.02509095471082675,0.0,1.0,1.0,False
White,Stomach,MSH2,3,252,1,15942,1.1904761904761905,0.006272738677706688,189.79,1.4724954798859637e-05,0.00044837487362527594,True
White,Stomach,MSH6,0,252,22,15942,0.0,0.1380002509095471,0.0,1.0,1.0,False
White,Stomach,PMS2,1,252,16,15942,0.3968253968253968,0.100363818843307,3.95,0.23413945870178546,0.7129546517469367,False
White,Stomach,FH,0,252,1,15942,0.0,0.006272738677706688,0.0,1.0,1.0,False
White,Stomach,FLCN,0,252,1,15942,0.0,0.006272738677706688,0.0,1.0,1.0,False
White,Stomach,CDKN2A,0,252,2,15942,0.0,0.012545477355413375,0.0,1.0,1.0,False
White,Stomach,MITF,3,252,53,15942,1.1904761904761905,0.3324551499184544,3.58,0.056512211461297916,0.2867994731660869,False
White,Stomach,RAD51C,0,252,6,15942,0.0,0.03763643206624012,0.0,1.0,1.0,False
White,Stomach,RAD51D,0,252,5,15942,0.0,0.03136369338853343,0.0,1.0,1.0,False
White,Stomach,CDH1,4,252,2,15942,1.5873015873015872,0.012545477355413375,126.52,8.381889014233611e-07,3.403046939778846e-05,True
Black/AA,Breast,ATM,8,1413,9,4751,0.5661712668082095,0.18943380340980845,2.99,0.036338652332757695,0.20682466608083586,False
Black/AA,Breast,BARD1,4,1413,1,4751,0.28308563340410475,0.021048200378867607,13.45,0.011243311646407352,0.09481416129440164,False
Black/AA,Breast,BRCA1,15,1413,5,4751,1.0615711252653928,0.10524100189433805,10.09,1.1226410609134714e-06,4.2730525381019e-05,True
Black/AA,Breast,BRCA2,25,1413,4,4751,1.7692852087756548,0.08419280151547043,21.01,7.681407722224387e-13,9.355954605669303e-11,True
Black/AA,Breast,CHEK2,1,1413,3,4751,0.07077140835102619,0.06314460113660282,1.12,1.0,1.0,False
Black/AA,Breast,MUTYH,2,1413,12,4751,0.14154281670205238,0.2525784045464113,0.56,0.7496493726661602,1.0,False
Black/AA,Breast,NF1,4,1413,0,4751,0.28308563340410475,0.0,inf,0.0027522969218673225,0.03352297650834399,True
Black/AA,Breast,PALB2,10,1413,10,4751,0.7077140835102618,0.2104820037886761,3.36,0.007270217332268237,0.06918066180236494,False
Black/AA,Breast,RET,2,1413,0,4751,0.14154281670205238,0.0,inf,0.052519678729998145,0.2704436206521137,False
Black/AA,Breast,TP53,2,1413,1,4751,0.14154281670205238,0.021048200378867607,6.72,0.13350669386995956,0.49576571077320347,False
Black/AA,Breast,MSH2,1,1413,1,4751,0.07077140835102619,0.021048200378867607,3.36,0.40594884820056637,1.0,False
Black/AA,Breast,MSH6,0,1413,3,4751,0.0,0.06314460113660282,0.0,1.0,1.0,False
Black/AA,Breast,PMS2,0,1413,5,4751,0.0,0.10524100189433805,0.0,0.5953353447067136,1.0,False
Black/AA,Breast,MITF,4,1413,5,4751,0.28308563340410475,0.10524100189433805,2.69,0.12898512822901645,0.48488853760167294,False
Black/AA,Breast,RAD51C,1,1413,2,4751,0.07077140835102619,0.042096400757735214,1.68,0.5421699253658698,1.0,False
Black/AA,Breast,RAD51D,2,1413,0,4751,0.14154281670205238,0.0,inf,0.052519678729998145,0.2704436206521137,False
Black/AA,Colorectal,ATM,4,460,9,4751,0.8695652173913043,0.18943380340980845,4.59,0.02250218498896515,0.14895468106825843,False
Black/AA,Colorectal,BARD1,0,460,1,4751,0.0,0.021048200378867607,0.0,1.0,1.0,False
Black/AA,Colorectal,BRCA1,2,460,5,4751,0.43478260869565216,0.10524100189433805,4.13,0.12132623248596607,0.4764090321072007,False
Black/AA,Colorectal,BRCA2,0,460,4,4751,0.0,0.08419280151547043,0.0,1.0,1.0,False
Black/AA,Colorectal,CHEK2,0,460,3,4751,0.0,0.06314460113660282,0.0,1.0,1.0,False
Black/AA,Colorectal,MUTYH,3,460,12,4751,0.6521739130434783,0.2525784045464113,2.58,0.1405431013333094,0.5125194533651822,False
Black/AA,Colorectal,NF1,2,460,0,4751,0.43478260869565216,0.0,inf,0.007776993227452189,0.07176043750785428,False
Black/AA,Colorectal,PALB2,2,460,10,4751,0.43478260869565216,0.2104820037886761,2.07,0.28681350748406326,0.7841950853302792,False
Black/AA,Colorectal,TP53,0,460,1,4751,0.0,0.021048200378867607,0.0,1.0,1.0,False
Black/AA,Colorectal,MLH1,4,460,0,4751,0.8695652173913043,0.0,inf,6.0002323185216916e-05,0.0014616565927918841,True
Black/AA,Colorectal,MSH2,2,460,1,4751,0.43478260869565216,0.021048200378867607,20.66,0.02196339937973683,0.14895468106825843,False
Black/AA,Colorectal,MSH6,3,460,3,4751,0.6521739130434783,0.06314460113660282,10.33,0.011160274016330395,0.09481416129440164,False
Black/AA,Colorectal,PMS2,3,460,5,4751,0.6521739130434783,0.10524100189433805,6.2,0.027333471962017963,0.1728783979529661,False
Black/AA,Colorectal,VHL,1,460,0,4751,0.21739130434782608,0.0,inf,0.08827480330071003,0.3825346829138665,False
Black/AA,Colorectal,MITF,0,460,5,4751,0.0,0.10524100189433805,0.0,1.0,1.0,False
Black/AA,Colorectal,RAD51C,0,460,2,4751,0.0,0.042096400757735214,0.0,1.0,1.0,False
Black/AA,Kidney,ATM,1,326,9,4751,0.3067484662576687,0.18943380340980845,1.62,0.4853473704163115,1.0,False
Black/AA,Kidney,BARD1,0,326,1,4751,0.0,0.021048200378867607,0.0,1.0,1.0,False
Black/AA,Kidney,BRCA1,0,326,5,4751,0.0,0.10524100189433805,0.0,1.0,1.0,False
Black/AA,Kidney,BRCA2,1,326,4,4751,0.3067484662576687,0.08419280151547043,3.64,0.2824856305005519,0.7841950853302792,False
Black/AA,Kidney,CHEK2,0,326,3,4751,0.0,0.06314460113660282,0.0,1.0,1.0,False
Black/AA,Kidney,MUTYH,4,326,12,4751,1.2269938650306749,0.2525784045464113,4.86,0.016395400202831954,0.1263898572598058,False
Black/AA,Kidney,PALB2,1,326,10,4751,0.3067484662576687,0.2104820037886761,1.46,0.5184590256845734,1.0,False
Black/AA,Kidney,TP53,0,326,1,4751,0.0,0.021048200378867607,0.0,1.0,1.0,False
Black/AA,Kidney,MSH2,1,326,1,4751,0.3067484662576687,0.021048200378867607,14.57,0.12431106274639268,0.47914833678831104,False
Black/AA,Kidney,MSH6,0,326,3,4751,0.0,0.06314460113660282,0.0,1.0,1.0,False
Black/AA,Kidney,PMS2,1,326,5,4751,0.3067484662576687,0.10524100189433805,2.91,0.3286034704959818,0.8738843385679168,False
Black/AA,Kidney,FH,1,326,0,4751,0.3067484662576687,0.0,inf,0.06421114831593461,0.30550460409690766,False
Black/AA,Kidney,FLCN,1,326,0,4751,0.3067484662576687,0.0,inf,0.06421114831593461,0.30550460409690766,False
Black/AA,Kidney,VHL,4,326,0,4751,1.2269938650306749,0.0,inf,1.6708336271764574e-05,0.0004845417518811727,True
Black/AA,Kidney,MITF,0,326,5,4751,0.0,0.10524100189433805,0.0,1.0,1.0,False
Black/AA,Kidney,RAD51C,0,326,2,4751,0.0,0.042096400757735214,0.0,1.0,1.0,False
Black/AA,Lung,ATM,4,379,9,4751,1.0554089709762533,0.18943380340980845,5.57,0.012266656696589391,0.10095126930030998,False
Black/AA,Lung,BARD1,0,379,1,4751,0.0,0.021048200378867607,0.0,1.0,1.0,False
Black/AA,Lung,BRCA1,0,379,5,4751,0.0,0.10524100189433805,0.0,1.0,1.0,False
Black/AA,Lung,BRCA2,3,379,4,4751,0.79155672823219,0.08419280151547043,9.4,0.011187538441316114,0.09481416129440164,False
Black/AA,Lung,CHEK2,1,379,3,4751,0.2638522427440633,0.06314460113660282,4.18,0.2644196455481177,0.7560167330460267,False
Black/AA,Lung,MUTYH,2,379,12,4751,0.5277044854881267,0.2525784045464113,2.09,0.2771581629058847,0.7841950853302792,False
Black/AA,Lung,PALB2,0,379,10,4751,0.0,0.2104820037886761,0.0,1.0,1.0,False
Black/AA,Lung,RET,1,379,0,4751,0.2638522427440633,0.0,inf,0.07387914230019493,0.34302074812020283,False
Black/AA,Lung,TP53,0,379,1,4751,0.0,0.021048200378867607,0.0,1.0,1.0,False
Black/AA,Lung,MSH2,0,379,1,4751,0.0,0.021048200378867607,0.0,1.0,1.0,False
Black/AA,Lung,MSH6,0,379,3,4751,0.0,0.06314460113660282,0.0,1.0,1.0,False
Black/AA,Lung,PMS2,0,379,5,4751,0.0,0.10524100189433805,0.0,1.0,1.0,False
Black/AA,Lung,MITF,0,379,5,4751,0.0,0.10524100189433805,0.0,1.0,1.0,False
Black/AA,Lung,RAD51C,0,379,2,4751,0.0,0.042096400757735214,0.0,1.0,1.0,False
Black/AA,Melanoma,ATM,0,37,9,4751,0.0,0.18943380340980845,0.0,1.0,1.0,False
Black/AA,Melanoma,BARD1,0,37,1,4751,0.0,0.021048200378867607,0.0,1.0,1.0,False
Black/AA,Melanoma,BRCA1,0,37,5,4751,0.0,0.10524100189433805,0.0,1.0,1.0,False
Black/AA,Melanoma,BRCA2,0,37,4,4751,0.0,0.08419280151547043,0.0,1.0,1.0,False
Black/AA,Melanoma,CHEK2,0,37,3,4751,0.0,0.06314460113660282,0.0,1.0,1.0,False
Black/AA,Melanoma,MUTYH,0,37,12,4751,0.0,0.2525784045464113,0.0,1.0,1.0,False
Black/AA,Melanoma,NF1,1,37,0,4751,2.7027027027027026,0.0,inf,0.007727652464494569,0.07176043750785428,False
Black/AA,Melanoma,PALB2,0,37,10,4751,0.0,0.2104820037886761,0.0,1.0,1.0,False
Black/AA,Melanoma,TP53,0,37,1,4751,0.0,0.021048200378867607,0.0,1.0,1.0,False
Black/AA,Melanoma,MSH2,0,37,1,4751,0.0,0.021048200378867607,0.0,1.0,1.0,False
Black/AA,Melanoma,MSH6,0,37,3,4751,0.0,0.06314460113660282,0.0,1.0,1.0,False
Black/AA,Melanoma,PMS2,0,37,5,4751,0.0,0.10524100189433805,0.0,1.0,1.0,False
Black/AA,Melanoma,MITF,0,37,5,4751,0.0,0.10524100189433805,0.0,1.0,1.0,False
Black/AA,Melanoma,RAD51C,0,37,2,4751,0.0,0.042096400757735214,0.0,1.0,1.0,False
Black/AA,Ovarian,ATM,0,143,9,4751,0.0,0.18943380340980845,0.0,1.0,1.0,False
Black/AA,Ovarian,BARD1,0,143,1,4751,0.0,0.021048200378867607,0.0,1.0,1.0,False
Black/AA,Ovarian,BRCA1,2,143,5,4751,1.3986013986013985,0.10524100189433805,13.29,0.0161685044529274,0.1262387078440101,False
Black/AA,Ovarian,BRCA2,3,143,4,4751,2.097902097902098,0.08419280151547043,24.92,0.0007844417047140629,0.012911486437050387,True
Black/AA,Ovarian,CHEK2,1,143,3,4751,0.6993006993006993,0.06314460113660282,11.07,0.11188699849933433,0.45426121390729735,False
Black/AA,Ovarian,MUTYH,0,143,12,4751,0.0,0.2525784045464113,0.0,1.0,1.0,False
Black/AA,Ovarian,PALB2,1,143,10,4751,0.6993006993006993,0.2104820037886761,3.32,0.27858594096862943,0.7841950853302792,False
Black/AA,Ovarian,TP53,1,143,1,4751,0.6993006993006993,0.021048200378867607,33.22,0.05759092557852885,0.2898584601431741,False
Black/AA,Ovarian,MSH2,0,143,1,4751,0.0,0.021048200378867607,0.0,1.0,1.0,False
Black/AA,Ovarian,MSH6,0,143,3,4751,0.0,0.06314460113660282,0.0,1.0,1.0,False
Black/AA,Ovarian,PMS2,0,143,5,4751,0.0,0.10524100189433805,0.0,1.0,1.0,False
Black/AA,Ovarian,MITF,0,143,5,4751,0.0,0.10524100189433805,0.0,1.0,1.0,False
Black/AA,Ovarian,RAD51C,1,143,2,4751,0.6993006993006993,0.042096400757735214,16.61,0.08513886050131513,0.3730184607575605,False
Black/AA,Pancreatic,ATM,2,125,9,4751,1.6,0.18943380340980845,8.45,0.030822964386124474,0.18411505571391557,False
Black/AA,Pancreatic,BARD1,0,125,1,4751,0.0,0.021048200378867607,0.0,1.0,1.0,False
Black/AA,Pancreatic,BRCA1,0,125,5,4751,0.0,0.10524100189433805,0.0,1.0,1.0,False
Black/AA,Pancreatic,BRCA2,1,125,4,4751,0.8,0.08419280151547043,9.5,0.12182065374894221,0.4764090321072007,False
Black/AA,Pancreatic,CHEK2,0,125,3,4751,0.0,0.06314460113660282,0.0,1.0,1.0,False
Black/AA,Pancreatic,MUTYH,0,125,12,4751,0.0,0.2525784045464113,0.0,1.0,1.0,False
Black/AA,Pancreatic,PALB2,1,125,10,4751,0.8,0.2104820037886761,3.8,0.2487134849827691,0.7424829036985607,False
Black/AA,Pancreatic,TP53,0,125,1,4751,0.0,0.021048200378867607,0.0,1.0,1.0,False
Black/AA,Pancreatic,APC,1,125,0,4751,0.8,0.0,inf,0.025635767022149304,0.16608704379243538,False
Black/AA,Pancreatic,MSH2,0,125,1,4751,0.0,0.021048200378867607,0.0,1.0,1.0,False
Black/AA,Pancreatic,MSH6,0,125,3,4751,0.0,0.06314460113660282,0.0,1.0,1.0,False
Black/AA,Pancreatic,PMS2,0,125,5,4751,0.0,0.10524100189433805,0.0,1.0,1.0,False
Black/AA,Pancreatic,VHL,1,125,0,4751,0.8,0.0,inf,0.025635767022149304,0.16608704379243538,False
Black/AA,Pancreatic,MITF,1,125,5,4751,0.8,0.10524100189433805,7.6,0.1443565638867747,0.5232925440895583,False
Black/AA,Pancreatic,RAD51C,0,125,2,4751,0.0,0.042096400757735214,0.0,1.0,1.0,False
Black/AA,Prostate,ATM,7,1199,9,4751,0.5838198498748958,0.18943380340980845,3.08,0.027535639739634996,0.1728783979529661,False
Black/AA,Prostate,BARD1,0,1199,1,4751,0.0,0.021048200378867607,0.0,1.0,1.0,False
Black/AA,Prostate,BRCA1,2,1199,5,4751,0.16680567139282734,0.10524100189433805,1.58,0.634261810201858,1.0,False
Black/AA,Prostate,BRCA2,5,1199,4,4751,0.4170141784820684,0.08419280151547043,4.95,0.020128345389025016,0.1404235181753513,False
Black/AA,Prostate,CHEK2,1,1199,3,4751,0.08340283569641367,0.06314460113660282,1.32,1.0,1.0,False
Black/AA,Prostate,MUTYH,5,1199,12,4751,0.4170141784820684,0.2525784045464113,1.65,0.3617214861605215,0.9352922070902772,False
Black/AA,Prostate,NF1,2,1199,0,4751,0.16680567139282734,0.0,inf,0.04058028254166013,0.22466720061700926,False
Black/AA,Prostate,PALB2,0,1199,10,4751,0.0,0.2104820037886761,0.0,0.22853581220749342,0.706488881392708,False
Black/AA,Prostate,TP53,0,1199,1,4751,0.0,0.021048200378867607,0.0,1.0,1.0,False
Black/AA,Prostate,MSH2,1,1199,1,4751,0.08340283569641367,0.021048200378867607,3.96,0.36244492754237345,0.9352922070902772,False
Black/AA,Prostate,MSH6,1,1199,3,4751,0.08340283569641367,0.06314460113660282,1.32,1.0,1.0,False
Black/AA,Prostate,PMS2,1,1199,5,4751,0.08340283569641367,0.10524100189433805,0.79,1.0,1.0,False
Black/AA,Prostate,VHL,1,1199,0,4751,0.08340283569641367,0.0,inf,0.20151260504201682,0.6549380541617359,False
Black/AA,Prostate,MITF,2,1199,5,4751,0.16680567139282734,0.10524100189433805,1.58,0.634261810201858,1.0,False
Black/AA,Prostate,RAD51C,1,1199,2,4751,0.08340283569641367,0.042096400757735214,1.98,0.49096351057476995,1.0,False
Black/AA,Stomach,ATM,0,91,9,4751,0.0,0.18943380340980845,0.0,1.0,1.0,False
Black/AA,Stomach,BARD1,0,91,1,4751,0.0,0.021048200378867607,0.0,1.0,1.0,False
Black/AA,Stomach,BRCA1,0,91,5,4751,0.0,0.10524100189433805,0.0,1.0,1.0,False
Black/AA,Stomach,BRCA2,1,91,4,4751,1.098901098901099,0.08419280151547043,13.05,0.09053909223663209,0.38290491091742324,False
Black/AA,Stomach,CHEK2,0,91,3,4751,0.0,0.06314460113660282,0.0,1.0,1.0,False
Black/AA,Stomach,MUTYH,0,91,12,4751,0.0,0.2525784045464113,0.0,1.0,1.0,False
Black/AA,Stomach,PALB2,0,91,10,4751,0.0,0.2104820037886761,0.0,1.0,1.0,False
Black/AA,Stomach,TP53,0,91,1,4751,0.0,0.021048200378867607,0.0,1.0,1.0,False
Black/AA,Stomach,MLH1,2,91,0,4751,2.197802197802198,0.0,inf,0.00034940091182119264,0.00709283850997021,True
Black/AA,Stomach,MSH2,0,91,1,4751,0.0,0.021048200378867607,0.0,1.0,1.0,False
Black/AA,Stomach,MSH6,0,91,3,4751,0.0,0.06314460113660282,0.0,1.0,1.0,False
Black/AA,Stomach,PMS2,0,91,5,4751,0.0,0.10524100189433805,0.0,1.0,1.0,False
Black/AA,Stomach,MITF,0,91,5,4751,0.0,0.10524100189433805,0.0,1.0,1.0,False
Black/AA,Stomach,RAD51C,0,91,2,4751,0.0,0.042096400757735214,0.0,1.0,1.0,False
Hispanic/Latino,Breast,ATM,10,1428,13,5577,0.700280112044818,0.2331002331002331,3.0,0.015370656635634118,0.12316749856712077,False
Hispanic/Latino,Breast,BARD1,1,1428,2,5577,0.0700280112044818,0.03586157432311279,1.95,0.49542017950870143,1.0,False
Hispanic/Latino,Breast,BRCA1,18,1428,6,5577,1.2605042016806722,0.10758472296933834,11.72,1.2808633166815292e-08,7.800457598590512e-07,True
Hispanic/Latino,Breast,BRCA2,24,1428,15,5577,1.680672268907563,0.26896180742334586,6.25,2.3032617173982317e-08,1.1713137971052134e-06,True
Hispanic/Latino,Breast,CHEK2,4,1428,8,5577,0.2801120448179272,0.14344629729245115,1.95,0.28031818100409345,0.7841950853302792,False
Hispanic/Latino,Breast,MUTYH,16,1428,56,5577,1.1204481792717087,1.0041240810471581,1.12,0.6609017740311021,1.0,False
Hispanic/Latino,Breast,NF1,3,1428,2,5577,0.21008403361344538,0.03586157432311279,5.86,0.060856140671746606,0.30131211113084294,False
Hispanic/Latino,Breast,PALB2,9,1428,5,5577,0.6302521008403361,0.08965393580778196,7.03,0.0004375794550576739,0.008596318971939465,True
Hispanic/Latino,Breast,PTEN,0,1428,1,5577,0.0,0.017930787161556393,0.0,1.0,1.0,False
Hispanic/Latino,Breast,RET,0,1428,1,5577,0.0,0.017930787161556393,0.0,1.0,1.0,False
Hispanic/Latino,Breast,TP53,2,1428,2,5577,0.1400560224089636,0.03586157432311279,3.91,0.1867055335525857,0.6194254042790539,False
Hispanic/Latino,Breast,APC,0,1428,1,5577,0.0,0.017930787161556393,0.0,1.0,1.0,False
Hispanic/Latino,Breast,MLH1,1,1428,1,5577,0.0700280112044818,0.017930787161556393,3.91,0.36617533939003355,0.9409315683060355,False
Hispanic/Latino,Breast,MSH6,1,1428,6,5577,0.0700280112044818,0.10758472296933834,0.65,1.0,1.0,False
Hispanic/Latino,Breast,PMS2,1,1428,2,5577,0.0700280112044818,0.03586157432311279,1.95,0.49542017950870143,1.0,False
Hispanic/Latino,Breast,FLCN,2,1428,2,5577,0.1400560224089636,0.03586157432311279,3.91,0.1867055335525857,0.6194254042790539,False
Hispanic/Latino,Breast,VHL,0,1428,2,5577,0.0,0.03586157432311279,0.0,1.0,1.0,False
Hispanic/Latino,Breast,CDKN2A,0,1428,5,5577,0.0,0.08965393580778196,0.0,0.5903500841405063,1.0,False
Hispanic/Latino,Breast,MITF,2,1428,7,5577,0.1400560224089636,0.12551551013089476,1.12,1.0,1.0,False
Hispanic/Latino,Breast,RAD51C,2,1428,1,5577,0.1400560224089636,0.017930787161556393,7.81,0.10768565915269739,0.44013802969122623,False
Hispanic/Latino,Breast,RAD51D,2,1428,5,5577,0.1400560224089636,0.08965393580778196,1.56,0.6364978173280358,1.0,False
Hispanic/Latino,Breast,CDH1,0,1428,1,5577,0.0,0.017930787161556393,0.0,1.0,1.0,False
Hispanic/Latino,Colorectal,ATM,1,483,13,5577,0.2070393374741201,0.2331002331002331,0.89,1.0,1.0,False
Hispanic/Latino,Colorectal,BARD1,2,483,2,5577,0.4140786749482402,0.03586157432311279,11.55,0.034135015101016714,0.1998867711203767,False
Hispanic/Latino,Colorectal,BRCA1,0,483,6,5577,0.0,0.10758472296933834,0.0,1.0,1.0,False
Hispanic/Latino,Colorectal,BRCA2,1,483,15,5577,0.2070393374741201,0.26896180742334586,0.77,1.0,1.0,False
Hispanic/Latino,Colorectal,CHEK2,0,483,8,5577,0.0,0.14344629729245115,0.0,1.0,1.0,False
Hispanic/Latino,Colorectal,MUTYH,10,483,56,5577,2.070393374741201,1.0041240810471581,2.06,0.03880929394540655,0.21683357809864762,False
Hispanic/Latino,Colorectal,NF1,0,483,2,5577,0.0,0.03586157432311279,0.0,1.0,1.0,False
Hispanic/Latino,Colorectal,PALB2,1,483,5,5577,0.2070393374741201,0.08965393580778196,2.31,0.39259975439235956,0.975890818061008,False
Hispanic/Latino,Colorectal,PTEN,0,483,1,5577,0.0,0.017930787161556393,0.0,1.0,1.0,False
Hispanic/Latino,Colorectal,RET,1,483,1,5577,0.2070393374741201,0.017930787161556393,11.55,0.1530654831451127,0.5451279487448751,False
Hispanic/Latino,Colorectal,TP53,0,483,2,5577,0.0,0.03586157432311279,0.0,1.0,1.0,False
Hispanic/Latino,Colorectal,APC,5,483,1,5577,1.0351966873706004,0.017930787161556393,57.73,1.768753860813787e-05,0.000489623227834362,True
Hispanic/Latino,Colorectal,MLH1,7,483,1,5577,1.4492753623188406,0.017930787161556393,80.83,1.4621376028133862e-07,6.8495523085642474e-06,True
Hispanic/Latino,Colorectal,MSH2,2,483,0,5577,0.4140786749482402,0.0,inf,0.006340457448946744,0.06330063256407487,False
Hispanic/Latino,Colorectal,MSH6,3,483,6,5577,0.6211180124223602,0.10758472296933834,5.77,0.029394120569912467,0.1799857631242951,False
Hispanic/Latino,Colorectal,PMS2,0,483,2,5577,0.0,0.03586157432311279,0.0,1.0,1.0,False
Hispanic/Latino,Colorectal,FLCN,0,483,2,5577,0.0,0.03586157432311279,0.0,1.0,1.0,False
Hispanic/Latino,Colorectal,VHL,0,483,2,5577,0.0,0.03586157432311279,0.0,1.0,1.0,False
Hispanic/Latino,Colorectal,CDKN2A,0,483,5,5577,0.0,0.08965393580778196,0.0,1.0,1.0,False
Hispanic/Latino,Colorectal,MITF,0,483,7,5577,0.0,0.12551551013089476,0.0,1.0,1.0,False
Hispanic/Latino,Colorectal,RAD51C,0,483,1,5577,0.0,0.017930787161556393,0.0,1.0,1.0,False
Hispanic/Latino,Colorectal,RAD51D,0,483,5,5577,0.0,0.08965393580778196,0.0,1.0,1.0,False
Hispanic/Latino,Colorectal,CDH1,0,483,1,5577,0.0,0.017930787161556393,0.0,1.0,1.0,False
Hispanic/Latino,Kidney,ATM,1,358,13,5577,0.27932960893854747,0.2331002331002331,1.2,0.5818897883339753,1.0,False
Hispanic/Latino,Kidney,BARD1,0,358,2,5577,0.0,0.03586157432311279,0.0,1.0,1.0,False
Hispanic/Latino,Kidney,BRCA1,0,358,6,5577,0.0,0.10758472296933834,0.0,1.0,1.0,False
Hispanic/Latino,Kidney,BRCA2,0,358,15,5577,0.0,0.26896180742334586,0.0,1.0,1.0,False
Hispanic/Latino,Kidney,CHEK2,0,358,8,5577,0.0,0.14344629729245115,0.0,1.0,1.0,False
Hispanic/Latino,Kidney,MUTYH,3,358,56,5577,0.8379888268156425,1.0041240810471581,0.83,1.0,1.0,False
Hispanic/Latino,Kidney,NF1,1,358,2,5577,0.27932960893854747,0.03586157432311279,7.79,0.17029125465293593,0.589246443657034,False
Hispanic/Latino,Kidney,PALB2,0,358,5,5577,0.0,0.08965393580778196,0.0,1.0,1.0,False
Hispanic/Latino,Kidney,PTEN,0,358,1,5577,0.0,0.017930787161556393,0.0,1.0,1.0,False
Hispanic/Latino,Kidney,RET,0,358,1,5577,0.0,0.017930787161556393,0.0,1.0,1.0,False
Hispanic/Latino,Kidney,TP53,0,358,2,5577,0.0,0.03586157432311279,0.0,1.0,1.0,False
Hispanic/Latino,Kidney,APC,0,358,1,5577,0.0,0.017930787161556393,0.0,1.0,1.0,False
Hispanic/Latino,Kidney,MLH1,0,358,1,5577,0.0,0.017930787161556393,0.0,1.0,1.0,False
Hispanic/Latino,Kidney,MSH2,1,358,0,5577,0.27932960893854747,0.0,inf,0.06032013479359731,0.3011062466336128,False
Hispanic/Latino,Kidney,MSH6,0,358,6,5577,0.0,0.10758472296933834,0.0,1.0,1.0,False
Hispanic/Latino,Kidney,PMS2,0,358,2,5577,0.0,0.03586157432311279,0.0,1.0,1.0,False
Hispanic/Latino,Kidney,FH,2,358,0,5577,0.5586592178770949,0.0,inf,0.003628966653406511,0.04092667948008454,True
Hispanic/Latino,Kidney,FLCN,0,358,2,5577,0.0,0.03586157432311279,0.0,1.0,1.0,False
Hispanic/Latino,Kidney,VHL,0,358,2,5577,0.0,0.03586157432311279,0.0,1.0,1.0,False
Hispanic/Latino,Kidney,CDKN2A,0,358,5,5577,0.0,0.08965393580778196,0.0,1.0,1.0,False
Hispanic/Latino,Kidney,MITF,0,358,7,5577,0.0,0.12551551013089476,0.0,1.0,1.0,False
Hispanic/Latino,Kidney,RAD51C,1,358,1,5577,0.27932960893854747,0.017930787161556393,15.58,0.11701130293378809,0.4688150229386641,False
Hispanic/Latino,Kidney,RAD51D,1,358,5,5577,0.27932960893854747,0.08965393580778196,3.12,0.3116504653925583,0.844398639493765,False
Hispanic/Latino,Kidney,CDH1,0,358,1,5577,0.0,0.017930787161556393,0.0,1.0,1.0,False
Hispanic/Latino,Lung,ATM,0,188,13,5577,0.0,0.2331002331002331,0.0,1.0,1.0,False
Hispanic/Latino,Lung,BARD1,0,188,2,5577,0.0,0.03586157432311279,0.0,1.0,1.0,False
Hispanic/Latino,Lung,BRCA1,1,188,6,5577,0.5319148936170213,0.10758472296933834,4.94,0.20721402147647483,0.66768962475753,False
Hispanic/Latino,Lung,BRCA2,0,188,15,5577,0.0,0.26896180742334586,0.0,1.0,1.0,False
Hispanic/Latino,Lung,CHEK2,1,188,8,5577,0.5319148936170213,0.14344629729245115,3.71,0.2581425138753371,0.7473081831943615,False
Hispanic/Latino,Lung,MUTYH,2,188,56,5577,1.0638297872340425,1.0041240810471581,1.06,0.714044973182063,1.0,False
Hispanic/Latino,Lung,NF1,0,188,2,5577,0.0,0.03586157432311279,0.0,1.0,1.0,False
Hispanic/Latino,Lung,PALB2,0,188,5,5577,0.0,0.08965393580778196,0.0,1.0,1.0,False
Hispanic/Latino,Lung,PTEN,0,188,1,5577,0.0,0.017930787161556393,0.0,1.0,1.0,False
Hispanic/Latino,Lung,RET,0,188,1,5577,0.0,0.017930787161556393,0.0,1.0,1.0,False
Hispanic/Latino,Lung,TP53,0,188,2,5577,0.0,0.03586157432311279,0.0,1.0,1.0,False
Hispanic/Latino,Lung,APC,0,188,1,5577,0.0,0.017930787161556393,0.0,1.0,1.0,False
Hispanic/Latino,Lung,MLH1,0,188,1,5577,0.0,0.017930787161556393,0.0,1.0,1.0,False
Hispanic/Latino,Lung,MSH6,0,188,6,5577,0.0,0.10758472296933834,0.0,1.0,1.0,False
Hispanic/Latino,Lung,PMS2,0,188,2,5577,0.0,0.03586157432311279,0.0,1.0,1.0,False
Hispanic/Latino,Lung,FLCN,0,188,2,5577,0.0,0.03586157432311279,0.0,1.0,1.0,False
Hispanic/Latino,Lung,VHL,0,188,2,5577,0.0,0.03586157432311279,0.0,1.0,1.0,False
Hispanic/Latino,Lung,CDKN2A,0,188,5,5577,0.0,0.08965393580778196,0.0,1.0,1.0,False
Hispanic/Latino,Lung,MITF,1,188,7,5577,0.5319148936170213,0.12551551013089476,4.24,0.23309866266480816,0.7129546517469367,False
Hispanic/Latino,Lung,RAD51C,0,188,1,5577,0.0,0.017930787161556393,0.0,1.0,1.0,False
Hispanic/Latino,Lung,RAD51D,0,188,5,5577,0.0,0.08965393580778196,0.0,1.0,1.0,False
Hispanic/Latino,Lung,CDH1,1,188,1,5577,0.5319148936170213,0.017930787161556393,29.66,0.06416318531808823,0.30550460409690766,False
Hispanic/Latino,Melanoma,ATM,1,102,13,5577,0.9803921568627451,0.2331002331002331,4.21,0.22433288535701576,0.700608857345757,False
Hispanic/Latino,Melanoma,BARD1,0,102,2,5577,0.0,0.03586157432311279,0.0,1.0,1.0,False
Hispanic/Latino,Melanoma,BRCA1,0,102,6,5577,0.0,0.10758472296933834,0.0,1.0,1.0,False
Hispanic/Latino,Melanoma,BRCA2,0,102,15,5577,0.0,0.26896180742334586,0.0,1.0,1.0,False
Hispanic/Latino,Melanoma,CHEK2,1,102,8,5577,0.9803921568627451,0.14344629729245115,6.83,0.15060719126841518,0.5395281146027344,False
Hispanic/Latino,Melanoma,MUTYH,1,102,56,5577,0.9803921568627451,1.0041240810471581,0.98,1.0,1.0,False
Hispanic/Latino,Melanoma,NF1,0,102,2,5577,0.0,0.03586157432311279,0.0,1.0,1.0,False
Hispanic/Latino,Melanoma,PALB2,0,102,5,5577,0.0,0.08965393580778196,0.0,1.0,1.0,False
Hispanic/Latino,Melanoma,PTEN,0,102,1,5577,0.0,0.017930787161556393,0.0,1.0,1.0,False
Hispanic/Latino,Melanoma,RET,0,102,1,5577,0.0,0.017930787161556393,0.0,1.0,1.0,False
Hispanic/Latino,Melanoma,TP53,2,102,2,5577,1.9607843137254901,0.03586157432311279,54.68,0.0018721992573425292,0.02533709661603556,True
Hispanic/Latino,Melanoma,APC,0,102,1,5577,0.0,0.017930787161556393,0.0,1.0,1.0,False
Hispanic/Latino,Melanoma,MLH1,0,102,1,5577,0.0,0.017930787161556393,0.0,1.0,1.0,False
Hispanic/Latino,Melanoma,MSH6,0,102,6,5577,0.0,0.10758472296933834,0.0,1.0,1.0,False
Hispanic/Latino,Melanoma,PMS2,0,102,2,5577,0.0,0.03586157432311279,0.0,1.0,1.0,False
Hispanic/Latino,Melanoma,FLCN,0,102,2,5577,0.0,0.03586157432311279,0.0,1.0,1.0,False
Hispanic/Latino,Melanoma,VHL,0,102,2,5577,0.0,0.03586157432311279,0.0,1.0,1.0,False
Hispanic/Latino,Melanoma,CDKN2A,0,102,5,5577,0.0,0.08965393580778196,0.0,1.0,1.0,False
Hispanic/Latino,Melanoma,MITF,0,102,7,5577,0.0,0.12551551013089476,0.0,1.0,1.0,False
Hispanic/Latino,Melanoma,RAD51C,0,102,1,5577,0.0,0.017930787161556393,0.0,1.0,1.0,False
Hispanic/Latino,Melanoma,RAD51D,0,102,5,5577,0.0,0.08965393580778196,0.0,1.0,1.0,False
Hispanic/Latino,Melanoma,CDH1,0,102,1,5577,0.0,0.017930787161556393,0.0,1.0,1.0,False
Hispanic/Latino,Ovarian,ATM,2,242,13,5577,0.8264462809917356,0.2331002331002331,3.55,0.12684391771030246,0.4827996617848387,False
Hispanic/Latino,Ovarian,BARD1,0,242,2,5577,0.0,0.03586157432311279,0.0,1.0,1.0,False
Hispanic/Latino,Ovarian,BRCA1,5,242,6,5577,2.066115702479339,0.10758472296933834,19.2,4.490643912410967e-05,0.0011395008927742828,True
Hispanic/Latino,Ovarian,BRCA2,8,242,15,5577,3.3057851239669422,0.26896180742334586,12.29,2.2731001984609566e-06,8.143047181545427e-05,True
Hispanic/Latino,Ovarian,CHEK2,0,242,8,5577,0.0,0.14344629729245115,0.0,1.0,1.0,False
Hispanic/Latino,Ovarian,MUTYH,3,242,56,5577,1.2396694214876034,1.0041240810471581,1.23,0.7361916737007559,1.0,False
Hispanic/Latino,Ovarian,NF1,1,242,2,5577,0.4132231404958678,0.03586157432311279,11.52,0.11966667292692017,0.4763202863561724,False
Hispanic/Latino,Ovarian,PALB2,0,242,5,5577,0.0,0.08965393580778196,0.0,1.0,1.0,False
Hispanic/Latino,Ovarian,PTEN,0,242,1,5577,0.0,0.017930787161556393,0.0,1.0,1.0,False
Hispanic/Latino,Ovarian,RET,0,242,1,5577,0.0,0.017930787161556393,0.0,1.0,1.0,False
Hispanic/Latino,Ovarian,TP53,0,242,2,5577,0.0,0.03586157432311279,0.0,1.0,1.0,False
Hispanic/Latino,Ovarian,APC,0,242,1,5577,0.0,0.017930787161556393,0.0,1.0,1.0,False
Hispanic/Latino,Ovarian,MLH1,0,242,1,5577,0.0,0.017930787161556393,0.0,1.0,1.0,False
Hispanic/Latino,Ovarian,MSH6,0,242,6,5577,0.0,0.10758472296933834,0.0,1.0,1.0,False
Hispanic/Latino,Ovarian,PMS2,0,242,2,5577,0.0,0.03586157432311279,0.0,1.0,1.0,False
Hispanic/Latino,Ovarian,FLCN,0,242,2,5577,0.0,0.03586157432311279,0.0,1.0,1.0,False
Hispanic/Latino,Ovarian,VHL,0,242,2,5577,0.0,0.03586157432311279,0.0,1.0,1.0,False
Hispanic/Latino,Ovarian,CDKN2A,0,242,5,5577,0.0,0.08965393580778196,0.0,1.0,1.0,False
Hispanic/Latino,Ovarian,MITF,2,242,7,5577,0.8264462809917356,0.12551551013089476,6.58,0.051122344555873875,0.2704436206521137,False
Hispanic/Latino,Ovarian,RAD51C,2,242,1,5577,0.8264462809917356,0.017930787161556393,46.09,0.00502595625336753,0.052772540660359066,False
Hispanic/Latino,Ovarian,RAD51D,0,242,5,5577,0.0,0.08965393580778196,0.0,1.0,1.0,False
Hispanic/Latino,Ovarian,CDH1,0,242,1,5577,0.0,0.017930787161556393,0.0,1.0,1.0,False
Hispanic/Latino,Pancreatic,ATM,3,141,13,5577,2.127659574468085,0.2331002331002331,9.13,0.006494647068730233,0.0637941945944631,False
Hispanic/Latino,Pancreatic,BARD1,0,141,2,5577,0.0,0.03586157432311279,0.0,1.0,1.0,False
Hispanic/Latino,Pancreatic,BRCA1,0,141,6,5577,0.0,0.10758472296933834,0.0,1.0,1.0,False
Hispanic/Latino,Pancreatic,BRCA2,0,141,15,5577,0.0,0.26896180742334586,0.0,1.0,1.0,False
Hispanic/Latino,Pancreatic,CHEK2,0,141,8,5577,0.0,0.14344629729245115,0.0,1.0,1.0,False
Hispanic/Latino,Pancreatic,MUTYH,2,141,56,5577,1.4184397163120568,1.0041240810471581,1.41,0.6543880457824021,1.0,False
Hispanic/Latino,Pancreatic,NF1,0,141,2,5577,0.0,0.03586157432311279,0.0,1.0,1.0,False
Hispanic/Latino,Pancreatic,PALB2,1,141,5,5577,0.7092198581560284,0.08965393580778196,7.91,0.13918438124150934,0.5125194533651822,False
Hispanic/Latino,Pancreatic,PTEN,0,141,1,5577,0.0,0.017930787161556393,0.0,1.0,1.0,False
Hispanic/Latino,Pancreatic,RET,0,141,1,5577,0.0,0.017930787161556393,0.0,1.0,1.0,False
Hispanic/Latino,Pancreatic,TP53,0,141,2,5577,0.0,0.03586157432311279,0.0,1.0,1.0,False
Hispanic/Latino,Pancreatic,APC,0,141,1,5577,0.0,0.017930787161556393,0.0,1.0,1.0,False
Hispanic/Latino,Pancreatic,MLH1,0,141,1,5577,0.0,0.017930787161556393,0.0,1.0,1.0,False
Hispanic/Latino,Pancreatic,MSH6,1,141,6,5577,0.7092198581560284,0.10758472296933834,6.59,0.1604335062843922,0.5680465425999701,False
Hispanic/Latino,Pancreatic,PMS2,0,141,2,5577,0.0,0.03586157432311279,0.0,1.0,1.0,False
Hispanic/Latino,Pancreatic,FLCN,0,141,2,5577,0.0,0.03586157432311279,0.0,1.0,1.0,False
Hispanic/Latino,Pancreatic,VHL,0,141,2,5577,0.0,0.03586157432311279,0.0,1.0,1.0,False
Hispanic/Latino,Pancreatic,CDKN2A,0,141,5,5577,0.0,0.08965393580778196,0.0,1.0,1.0,False
Hispanic/Latino,Pancreatic,MITF,2,141,7,5577,1.4184397163120568,0.12551551013089476,11.3,0.019401733403776197,0.1404235181753513,False
Hispanic/Latino,Pancreatic,RAD51C,0,141,1,5577,0.0,0.017930787161556393,0.0,1.0,1.0,False
Hispanic/Latino,Pancreatic,RAD51D,0,141,5,5577,0.0,0.08965393580778196,0.0,1.0,1.0,False
Hispanic/Latino,Pancreatic,CDH1,0,141,1,5577,0.0,0.017930787161556393,0.0,1.0,1.0,False
Hispanic/Latino,Prostate,ATM,7,666,13,5577,1.0510510510510511,0.2331002331002331,4.51,0.003399308063235005,0.03905997378320977,True
Hispanic/Latino,Prostate,BARD1,0,666,2,5577,0.0,0.03586157432311279,0.0,1.0,1.0,False
Hispanic/Latino,Prostate,BRCA1,3,666,6,5577,0.45045045045045046,0.10758472296933834,4.19,0.062179698660565386,0.30293949187427455,False
Hispanic/Latino,Prostate,BRCA2,8,666,15,5577,1.2012012012012012,0.26896180742334586,4.47,0.0018321358887862357,0.02533709661603556,True
Hispanic/Latino,Prostate,CHEK2,4,666,8,5577,0.6006006006006006,0.14344629729245115,4.19,0.03159471458138066,0.18680758427243518,False
Hispanic/Latino,Prostate,MUTYH,9,666,56,5577,1.3513513513513513,1.0041240810471581,1.35,0.4158190661496618,1.0,False
Hispanic/Latino,Prostate,NF1,0,666,2,5577,0.0,0.03586157432311279,0.0,1.0,1.0,False
Hispanic/Latino,Prostate,PALB2,0,666,5,5577,0.0,0.08965393580778196,0.0,1.0,1.0,False
Hispanic/Latino,Prostate,PTEN,0,666,1,5577,0.0,0.017930787161556393,0.0,1.0,1.0,False
Hispanic/Latino,Prostate,RET,0,666,1,5577,0.0,0.017930787161556393,0.0,1.0,1.0,False
Hispanic/Latino,Prostate,TP53,1,666,2,5577,0.15015015015015015,0.03586157432311279,4.19,0.28715189495673604,0.7841950853302792,False
Hispanic/Latino,Prostate,APC,0,666,1,5577,0.0,0.017930787161556393,0.0,1.0,1.0,False
Hispanic/Latino,Prostate,MLH1,0,666,1,5577,0.0,0.017930787161556393,0.0,1.0,1.0,False
Hispanic/Latino,Prostate,MSH6,0,666,6,5577,0.0,0.10758472296933834,0.0,1.0,1.0,False
Hispanic/Latino,Prostate,PMS2,1,666,2,5577,0.15015015015015015,0.03586157432311279,4.19,0.28715189495673604,0.7841950853302792,False
Hispanic/Latino,Prostate,FH,2,666,0,5577,0.3003003003003003,0.0,inf,0.011365244293089195,0.09481416129440164,False
Hispanic/Latino,Prostate,FLCN,0,666,2,5577,0.0,0.03586157432311279,0.0,1.0,1.0,False
Hispanic/Latino,Prostate,VHL,0,666,2,5577,0.0,0.03586157432311279,0.0,1.0,1.0,False
Hispanic/Latino,Prostate,CDKN2A,0,666,5,5577,0.0,0.08965393580778196,0.0,1.0,1.0,False
Hispanic/Latino,Prostate,MITF,3,666,7,5577,0.45045045045045046,0.12551551013089476,3.59,0.08200106898911372,0.3645157008348194,False
Hispanic/Latino,Prostate,RAD51C,0,666,1,5577,0.0,0.017930787161556393,0.0,1.0,1.0,False
Hispanic/Latino,Prostate,RAD51D,0,666,5,5577,0.0,0.08965393580778196,0.0,1.0,1.0,False
Hispanic/Latino,Prostate,CDH1,0,666,1,5577,0.0,0.017930787161556393,0.0,1.0,1.0,False
Hispanic/Latino,Stomach,ATM,0,99,13,5577,0.0,0.2331002331002331,0.0,1.0,1.0,False
Hispanic/Latino,Stomach,BARD1,0,99,2,5577,0.0,0.03586157432311279,0.0,1.0,1.0,False
Hispanic/Latino,Stomach,BRCA1,0,99,6,5577,0.0,0.10758472296933834,0.0,1.0,1.0,False
Hispanic/Latino,Stomach,BRCA2,0,99,15,5577,0.0,0.26896180742334586,0.0,1.0,1.0,False
Hispanic/Latino,Stomach,CHEK2,0,99,8,5577,0.0,0.14344629729245115,0.0,1.0,1.0,False
Hispanic/Latino,Stomach,MUTYH,3,99,56,5577,3.0303030303030303,1.0041240810471581,3.02,0.08312351781502267,0.366827698183687,False
Hispanic/Latino,Stomach,NF1,0,99,2,5577,0.0,0.03586157432311279,0.0,1.0,1.0,False
Hispanic/Latino,Stomach,PALB2,0,99,5,5577,0.0,0.08965393580778196,0.0,1.0,1.0,False
Hispanic/Latino,Stomach,PTEN,0,99,1,5577,0.0,0.017930787161556393,0.0,1.0,1.0,False
Hispanic/Latino,Stomach,RET,0,99,1,5577,0.0,0.017930787161556393,0.0,1.0,1.0,False
Hispanic/Latino,Stomach,TP53,0,99,2,5577,0.0,0.03586157432311279,0.0,1.0,1.0,False
Hispanic/Latino,Stomach,APC,0,99,1,5577,0.0,0.017930787161556393,0.0,1.0,1.0,False
Hispanic/Latino,Stomach,MLH1,0,99,1,5577,0.0,0.017930787161556393,0.0,1.0,1.0,False
Hispanic/Latino,Stomach,MSH6,1,99,6,5577,1.0101010101010102,0.10758472296933834,9.39,0.11594505259877981,0.46761945054739673,False
Hispanic/Latino,Stomach,PMS2,0,99,2,5577,0.0,0.03586157432311279,0.0,1.0,1.0,False
Hispanic/Latino,Stomach,FLCN,0,99,2,5577,0.0,0.03586157432311279,0.0,1.0,1.0,False
Hispanic/Latino,Stomach,VHL,0,99,2,5577,0.0,0.03586157432311279,0.0,1.0,1.0,False
Hispanic/Latino,Stomach,CDKN2A,0,99,5,5577,0.0,0.08965393580778196,0.0,1.0,1.0,False
Hispanic/Latino,Stomach,MITF,1,99,7,5577,1.0101010101010102,0.12551551013089476,8.05,0.13138365549042227,0.49087513002249794,False
Hispanic/Latino,Stomach,RAD51C,1,99,1,5577,1.0101010101010102,0.017930787161556393,56.33,0.03458252228255302,0.2005786292388075,False
Hispanic/Latino,Stomach,RAD51D,0,99,5,5577,0.0,0.08965393580778196,0.0,1.0,1.0,False
Hispanic/Latino,Stomach,CDH1,0,99,1,5577,0.0,0.017930787161556393,0.0,1.0,1.0,False
Asian,Breast,ATM,0,249,1,1100,0.0,0.09090909090909091,0.0,1.0,1.0,False
Asian,Breast,BARD1,1,249,1,1100,0.4016064257028112,0.09090909090909091,4.42,0.3352037887169967,0.887561336211526,False
Asian,Breast,BRCA1,3,249,0,1100,1.2048192771084338,0.0,inf,0.006226995381181234,0.06320400311898952,False
Asian,Breast,BRCA2,3,249,4,1100,1.2048192771084338,0.36363636363636365,3.31,0.12203581118016965,0.4764090321072007,False
Asian,Breast,MUTYH,0,249,5,1100,0.0,0.45454545454545453,0.0,0.5911802061625926,1.0,False
Asian,Breast,PALB2,1,249,0,1100,0.4016064257028112,0.0,inf,0.18458117123795403,0.6194254042790539,False
Asian,Breast,RET,1,249,0,1100,0.4016064257028112,0.0,inf,0.18458117123795403,0.6194254042790539,False
Asian,Breast,MLH1,0,249,1,1100,0.0,0.09090909090909091,0.0,1.0,1.0,False
Asian,Breast,MSH2,0,249,1,1100,0.0,0.09090909090909091,0.0,1.0,1.0,False
Asian,Breast,MSH6,0,249,1,1100,0.0,0.09090909090909091,0.0,1.0,1.0,False
Asian,Breast,PMS2,2,249,1,1100,0.8032128514056224,0.09090909090909091,8.84,0.0894216705143718,0.3825346829138665,False
Asian,Breast,FH,0,249,1,1100,0.0,0.09090909090909091,0.0,1.0,1.0,False
Asian,Breast,CDKN2A,1,249,0,1100,0.4016064257028112,0.0,inf,0.18458117123795403,0.6194254042790539,False
Asian,Colorectal,ATM,0,62,1,1100,0.0,0.09090909090909091,0.0,1.0,1.0,False
Asian,Colorectal,BARD1,0,62,1,1100,0.0,0.09090909090909091,0.0,1.0,1.0,False
Asian,Colorectal,BRCA2,0,62,4,1100,0.0,0.36363636363636365,0.0,1.0,1.0,False
Asian,Colorectal,MUTYH,1,62,5,1100,1.6129032258064515,0.45454545454545453,3.55,0.28087841064681285,0.7841950853302792,False
Asian,Colorectal,MLH1,0,62,1,1100,0.0,0.09090909090909091,0.0,1.0,1.0,False
Asian,Colorectal,MSH2,0,62,1,1100,0.0,0.09090909090909091,0.0,1.0,1.0,False
Asian,Colorectal,MSH6,0,62,1,1100,0.0,0.09090909090909091,0.0,1.0,1.0,False
Asian,Colorectal,PMS2,0,62,1,1100,0.0,0.09090909090909091,0.0,1.0,1.0,False
Asian,Colorectal,FH,0,62,1,1100,0.0,0.09090909090909091,0.0,1.0,1.0,False
Asian,Kidney,ATM,0,25,1,1100,0.0,0.09090909090909091,0.0,1.0,1.0,False
Asian,Kidney,BARD1,0,25,1,1100,0.0,0.09090909090909091,0.0,1.0,1.0,False
Asian,Kidney,BRCA2,0,25,4,1100,0.0,0.36363636363636365,0.0,1.0,1.0,False
Asian,Kidney,MUTYH,0,25,5,1100,0.0,0.45454545454545453,0.0,1.0,1.0,False
Asian,Kidney,MLH1,0,25,1,1100,0.0,0.09090909090909091,0.0,1.0,1.0,False
Asian,Kidney,MSH2,0,25,1,1100,0.0,0.09090909090909091,0.0,1.0,1.0,False
Asian,Kidney,MSH6,0,25,1,1100,0.0,0.09090909090909091,0.0,1.0,1.0,False
Asian,Kidney,PMS2,0,25,1,1100,0.0,0.09090909090909091,0.0,1.0,1.0,False
Asian,Kidney,FH,0,25,1,1100,0.0,0.09090909090909091,0.0,1.0,1.0,False
Asian,Lung,ATM,0,52,1,1100,0.0,0.09090909090909091,0.0,1.0,1.0,False
Asian,Lung,BARD1,0,52,1,1100,0.0,0.09090909090909091,0.0,1.0,1.0,False
Asian,Lung,BRCA2,0,52,4,1100,0.0,0.36363636363636365,0.0,1.0,1.0,False
Asian,Lung,MUTYH,0,52,5,1100,0.0,0.45454545454545453,0.0,1.0,1.0,False
Asian,Lung,MLH1,0,52,1,1100,0.0,0.09090909090909091,0.0,1.0,1.0,False
Asian,Lung,MSH2,0,52,1,1100,0.0,0.09090909090909091,0.0,1.0,1.0,False
Asian,Lung,MSH6,0,52,1,1100,0.0,0.09090909090909091,0.0,1.0,1.0,False
Asian,Lung,PMS2,0,52,1,1100,0.0,0.09090909090909091,0.0,1.0,1.0,False
Asian,Lung,FH,0,52,1,1100,0.0,0.09090909090909091,0.0,1.0,1.0,False
Asian,Ovarian,ATM,0,35,1,1100,0.0,0.09090909090909091,0.0,1.0,1.0,False
Asian,Ovarian,BARD1,0,35,1,1100,0.0,0.09090909090909091,0.0,1.0,1.0,False
Asian,Ovarian,BRCA1,1,35,0,1100,2.857142857142857,0.0,inf,0.030837004405286347,0.18411505571391557,False
Asian,Ovarian,BRCA2,0,35,4,1100,0.0,0.36363636363636365,0.0,1.0,1.0,False
Asian,Ovarian,MUTYH,0,35,5,1100,0.0,0.45454545454545453,0.0,1.0,1.0,False
Asian,Ovarian,MLH1,0,35,1,1100,0.0,0.09090909090909091,0.0,1.0,1.0,False
Asian,Ovarian,MSH2,0,35,1,1100,0.0,0.09090909090909091,0.0,1.0,1.0,False
Asian,Ovarian,MSH6,0,35,1,1100,0.0,0.09090909090909091,0.0,1.0,1.0,False
Asian,Ovarian,PMS2,0,35,1,1100,0.0,0.09090909090909091,0.0,1.0,1.0,False
Asian,Ovarian,FH,0,35,1,1100,0.0,0.09090909090909091,0.0,1.0,1.0,False
Asian,Pancreatic,ATM,0,22,1,1100,0.0,0.09090909090909091,0.0,1.0,1.0,False
Asian,Pancreatic,BARD1,0,22,1,1100,0.0,0.09090909090909091,0.0,1.0,1.0,False
Asian,Pancreatic,BRCA2,0,22,4,1100,0.0,0.36363636363636365,0.0,1.0,1.0,False
Asian,Pancreatic,MUTYH,0,22,5,1100,0.0,0.45454545454545453,0.0,1.0,1.0,False
Asian,Pancreatic,MLH1,0,22,1,1100,0.0,0.09090909090909091,0.0,1.0,1.0,False
Asian,Pancreatic,MSH2,0,22,1,1100,0.0,0.09090909090909091,0.0,1.0,1.0,False
Asian,Pancreatic,MSH6,0,22,1,1100,0.0,0.09090909090909091,0.0,1.0,1.0,False
Asian,Pancreatic,PMS2,0,22,1,1100,0.0,0.09090909090909091,0.0,1.0,1.0,False
Asian,Pancreatic,FH,0,22,1,1100,0.0,0.09090909090909091,0.0,1.0,1.0,False
Asian,Pancreatic,CDKN2A,1,22,0,1100,4.545454545454546,0.0,inf,0.0196078431372549,0.1404235181753513,False
Asian,Prostate,ATM,0,91,1,1100,0.0,0.09090909090909091,0.0,1.0,1.0,False
Asian,Prostate,BARD1,0,91,1,1100,0.0,0.09090909090909091,0.0,1.0,1.0,False
Asian,Prostate,BRCA2,1,91,4,1100,1.098901098901099,0.36363636363636365,3.02,0.32841318328620345,0.8738843385679168,False
Asian,Prostate,MUTYH,0,91,5,1100,0.0,0.45454545454545453,0.0,1.0,1.0,False
Asian,Prostate,MLH1,0,91,1,1100,0.0,0.09090909090909091,0.0,1.0,1.0,False
Asian,Prostate,MSH2,0,91,1,1100,0.0,0.09090909090909091,0.0,1.0,1.0,False
Asian,Prostate,MSH6,0,91,1,1100,0.0,0.09090909090909091,0.0,1.0,1.0,False
Asian,Prostate,PMS2,0,91,1,1100,0.0,0.09090909090909091,0.0,1.0,1.0,False
Asian,Prostate,FH,0,91,1,1100,0.0,0.09090909090909091,0.0,1.0,1.0,False
